<?xml version="1.0" encoding="UTF-8"?>
<addon id="script.icechannel.dialogs" version="0.2.3" name="DUCKPOOL Custom Windows and Dialogs" provider-name="Muck Duck">
    <requires>
        <import addon="xbmc.python" version="2.1.0"/>
    </requires>
	<extension point="xbmc.python.module" library="lib" />
    <extension point="xbmc.addon.metadata">
		<summary lang="en">DUCKPOOL Custom Windows and Dialogs</summary>
		<description lang="en">Custom UI (Windows and Dialogs) for DUCKPOOL</description>
		<platform></platform>
		<language></language>
		<license></license>
		<forum></forum>
		<website></website>
		<source></source>
		<email></email>
    </extension>
</addon>
