<?xml version="1.0" encoding="utf-8"?>
<window>
	<defaultcontrol always="true">61</defaultcontrol>
	<coordinates>
		<system>1</system>
		<posx>50</posx>
		<posy>50</posy>
	</coordinates>
	<animation effect="fade" time="250">WindowOpen</animation>
	<animation effect="fade" time="250">WindowClose</animation>
	<controls>
		<control type="image">
			<posx>0</posx>
			<posy>0</posy>
			<width>1180</width>
			<height>620</height>
			<texture border="40">DialogBack.png</texture>
		</control>
		<control type="image">
			<description>Dialog Header image</description>
			<posx>40</posx>
			<posy>16</posy>
			<width>1100</width>
			<height>40</height>
			<texture>dialogheader.png</texture>
		</control>
		<control type="label" id="1">
			<description>header label</description>
			<posx>40</posx>
			<posy>20</posy>
			<width>1100</width>
			<height>30</height>
			<font>font13_title</font>
			<label>DuckPool End User Agreement</label>
			<align>center</align>
			<aligny>center</aligny>
			<textcolor>FFEB9E17</textcolor>
			<shadowcolor>FF000000</shadowcolor>
		</control>
		<control type="button">
			<description>Close Window button</description>
			<posx>1090</posx>
			<posy>15</posy>
			<width>64</width>
			<height>32</height>
			<label>-</label>
			<font>-</font>
			<onclick>PreviousMenu</onclick>
			<texturefocus>DialogCloseButton-focus.png</texturefocus>
			<texturenofocus>DialogCloseButton.png</texturenofocus>
			<onleft>10</onleft>
			<onright>10</onright>
			<onup>10</onup>
			<ondown>10</ondown>
			<visible>system.getbool(input.enablemouse)</visible>
		</control>
		<control type="label" id="2">
			<description>terms header</description>
			<posx>30</posx>
			<posy>60</posy>
			<width>1115</width>
			<height>30</height>
			<align>left</align>
			<aligny>center</aligny>
			<label>[B]Important:[/B] For more details, follow Mucky Duck @KODImediaportal on twitter</label>
			<font>font13</font>
		</control>		
		<control type="group">
			<visible>Control.IsVisible(11)</visible>
			<control type="image">
				<posx>30</posx>
				<posy>95</posy>
				<width>1115</width>
				<height>450</height>
				<texture border="40">black-back2.png</texture>
			</control>
			<control type="textbox" id="15">
				<description>terms details</description>
				<posx>35</posx>
				<posy>95</posy>
				<width>1097</width>
				<height>445</height>
				<label>DuckPool facilitates, using various search engines and open-source code repositories, the searching by users for third party DUCKPOOL extensions.[CR][CR]DuckPool has no knowledge of, and cannot verify the security or legality of such third party extensions, and it is entirely a matter for the user to satisfy himself or herself regarding the safety or legality of such extensions, or the terms and conditions which may be imposed by the owner.</label>
				<font>font12</font>
				<align>justify</align>
				<textcolor>white</textcolor>
				<shadowcolor>black</shadowcolor>
				<pagecontrol>61</pagecontrol>
			</control>
			<control type="scrollbar" id="61">
				<posx>1130</posx>
				<posy>90</posy>
				<width>25</width>
				<height>462</height>
				<texturesliderbackground border="0,14,0,14">ScrollBarV.png</texturesliderbackground>
				<texturesliderbar border="0,14,0,14">ScrollBarV_bar.png</texturesliderbar>
				<texturesliderbarfocus border="0,14,0,14">ScrollBarV_bar_focus.png</texturesliderbarfocus>
				<textureslidernib>ScrollBarNib.png</textureslidernib>
				<textureslidernibfocus>ScrollBarNib.png</textureslidernibfocus>
				<onleft>61</onleft>
				<onright>61</onright>
				<ondown>11</ondown>
				<onup>61</onup>
				<showonepage>true</showonepage>
				<orientation>vertical</orientation>
			</control>
		</control>
		<control type="group">
			<visible>Control.IsVisible(13)</visible>
			<control type="image">
				<posx>30</posx>
				<posy>95</posy>
				<width>1115</width>
				<height>450</height>
				<texture border="40">black-back2.png</texture>
			</control>
			<control type="textbox" id="15">
				<description>terms details</description>
				<posx>35</posx>
				<posy>95</posy>
				<width>1097</width>
				<height>445</height>
				<label>DuckPool facilitates, using various search engines and open-source code repositories, the searching by users for third party DUCKPOOL extensions.[CR][CR]DuckPool has no knowledge of, and cannot verify the security or legality of such third party extensions, and it is entirely a matter for the user to satisfy himself or herself regarding the safety or legality of such extensions, or the terms and conditions which may be imposed by the owner.</label>
				<font>font12</font>
				<align>justify</align>
				<textcolor>white</textcolor>
				<shadowcolor>black</shadowcolor>
				<pagecontrol>62</pagecontrol>
			</control>
			<control type="scrollbar" id="62">
				<visible>Control.IsVisible(13)</visible>
				<posx>1130</posx>
				<posy>90</posy>
				<width>25</width>
				<height>462</height>
				<texturesliderbackground border="0,14,0,14">ScrollBarV.png</texturesliderbackground>
				<texturesliderbar border="0,14,0,14">ScrollBarV_bar.png</texturesliderbar>
				<texturesliderbarfocus border="0,14,0,14">ScrollBarV_bar_focus.png</texturesliderbarfocus>
				<textureslidernib>ScrollBarNib.png</textureslidernib>
				<textureslidernibfocus>ScrollBarNib.png</textureslidernibfocus>
				<onleft>62</onleft>
				<onright>62</onright>
				<ondown>13</ondown>
				<onup>62</onup>
				<showonepage>true</showonepage>
				<orientation>vertical</orientation>
			</control>
		</control>
		<control type="button" id="10">
			<description>Decline button</description>
			<posx>375</posx>
			<posy>555</posy>
			<width>200</width>
			<height>40</height>
			<label>Decline</label>
			<font>font12_title</font>
			<textcolor>white</textcolor>
			<focusedcolor>white</focusedcolor>
			<align>center</align>
			<onleft>11</onleft>
			<onright>11</onright>
			<onup>61</onup>
			<ondown>10</ondown>
		</control>
		<control type="button" id="13">
			<description>OK Button</description>
			<posx>500</posx>
			<posy>555</posy>
			<width>200</width>
			<height>40</height>
			<label>OK</label>
			<font>font12_title</font>
			<textcolor>white</textcolor>
			<focusedcolor>white</focusedcolor>
			<align>center</align>
			<onleft>13</onleft>
			<onright>13</onright>
			<onup>62</onup>
			<ondown>13</ondown>
		</control>
		<control type="button" id="11">
			<description>Accept button</description>
			<posx>605</posx>
			<posy>555</posy>
			<width>200</width>
			<height>40</height>
			<label>Accept</label>
			<font>font12_title</font>
			<textcolor>white</textcolor>
			<focusedcolor>white</focusedcolor>
			<align>center</align>
			<onleft>10</onleft>
			<onright>10</onright>
			<onup>61</onup>
			<ondown>11</ondown>
		</control>
	</controls>
</window>