<?xml version="1.0" encoding="UTF-8" standalone="yes"?>
<addon id="repository.kodikaraoke" name="Kodi Karaoke Repo" version="0.0.2" provider-name="Kodi Karaoke Repo">
	<extension point="xbmc.addon.repository" name="Kodi Karaoke Repo">
	<dir>
		<info compressed="false">http://kodikaraoke.com/repository/zips/addons.xml</info>
		<checksum>http://kodikaraoke.com/repository/zips/addons.xml.md5</checksum>
		<datadir zip="true">http://kodikaraoke.com/repository/zips/</datadir>
	</dir>		
	</extension>
	<extension point="xbmc.addon.metadata">
		<summary>Kodi Karaoke Repo</summary>
		<description>Kodi Karaoke Repo</description>
		<disclaimer>Kodi Karaoke Repo</disclaimer>
		<platform>all</platform>
	</extension>
</addon>

