<?xml version="1.0" encoding="UTF-8" standalone="yes"?>
<addon id="plugin.video.nickjnr" name="Nick Jnr" version="0.0.2" provider-name="LittleWiz">
  <requires>
    <import addon="xbmc.python" version="2.1.0"/>
  </requires>
  <extension point="xbmc.python.pluginsource" library="default.py">
        <provides>video</provides>
  </extension>
  <extension point="xbmc.addon.metadata">
    <summary lang="en">Nick Jnr</summary>
    <description lang="en">Nick Jnr</description>
    <platform>all</platform>
  </extension>
</addon>
