<?xml version="1.0" encoding="UTF-8" standalone="yes"?>
<addon id="script.kodilogemail" name=".[COLOR blue]K[/COLOR]odi Log Emailer" version="0.1.0" provider-name="LittleWiz">
  <requires>
    <import addon="xbmc.python" version="2.1.0"/>
  </requires>
  <extension point="xbmc.python.pluginsource" library="default.py">
        <provides>executable</provides>
  </extension>
  <extension point="xbmc.addon.metadata">
    <summary lang="en">.Kodi Log Emailer</summary>
    <description lang="en">.Kodi Log Emailer</description>
    <platform>all</platform>
  </extension>
</addon>
