<?xml version="1.0" encoding="UTF-8" standalone="yes"?>
<addon id="plugin.video.usbwizard" name=".Backup Restore WIZARD" version="1.2.5" provider-name="Catchup4Kodi">
  <requires>
    <import addon="xbmc.python" version="2.1.0"/>
  </requires>
  <extension point="xbmc.python.pluginsource" library="default.py">
        <provides>video executable</provides>
  </extension>
  <extension point="xbmc.addon.metadata">
    <summary lang="en">USB-SDCARD WIZARD</summary>
    <description lang="en">Configure Kodi with all the Best Goodies!</description>
    <platform>all</platform>
  </extension>
</addon>
