<?xml version="1.0" encoding="UTF-8"?>
<addon id="script.icechannel.extn.dandymedia" version="1.2.5" name="Dandys DuckPool Extension" provider-name="DandyMedia">
 <requires>
  <import addon="xbmc.python" version="2.1.0"/>
 </requires>
 <extension library="default.py" point="xbmc.service" />
 <extension point="xbmc.addon.metadata">
  <summary lang="en">Duckpool Extensions</summary>
  <description lang="en">DandyMedia DUCKPOOL Extensions</description>
  <platform></platform>
  <language></language>
  <license></license>
  <forum></forum>
  <website></website>
  <source></source>
  <email></email>
 </extension>
</addon>