<?xml version="1.0" encoding="UTF-8" standalone="yes"?>
<addon id="plugin.video.notfilmon" name="NotFilmOn" version="4.9.6" provider-name="catchup4kodi">
  <requires>
    <import addon="xbmc.python" version="2.1.0"/>
  </requires>
  <extension point="xbmc.python.pluginsource" library="default.py">
        <provides>video</provides>
  </extension>
  <extension point="xbmc.addon.metadata">
    <summary lang="en">NotFilmOn</summary>
    <description lang="en">Stream And Record From FilmON Tv Live</description>
    <platform>all</platform>
  </extension>
</addon>
