<window>
	<defaultcontrol always="true">9000</defaultcontrol>
	<allowoverlay>yes</allowoverlay>
	<coordinates>
		<system>1</system>
		<posx>215</posx>
		<posy>85</posy>
	</coordinates>
	<controls>
		<control type="group">
			<animation effect="slide" start="1100,0" end="0,0" time="400" tween="quadratic" easing="out">WindowOpen</animation>
			<animation effect="slide" start="0,0" end="1100,0" time="400" tween="quadratic" easing="out" condition="!Skin.HasSetting(AnimeWindowXMLDialogClose)">conditional</animation>
			<control type="image">
				<description>background image</description>
				<posx>0</posx>
				<posy>0</posy>
				<width>825</width>
				<height>475</height>
				<texture border="40">DialogBack.png</texture>
			</control>
			<control type="image">
				<description>Dialog Header image</description>
				<posx>40</posx>
				<posy>16</posy>
				<width>750</width>
				<height>40</height>
				<texture>dialogheader.png</texture>
			</control>
			<control type="label" id="9001">
				<description>header label</description>
				<posx>40</posx>
				<posy>20</posy>
				<width>750</width>
				<height>30</height>
				<font>font13_title</font>
				<label>DUCKPOOL Extension Information</label>
				<align>center</align>
				<aligny>center</aligny>
				<textcolor>selected</textcolor>
				<shadowcolor>black</shadowcolor>
			</control>
			<control type="image">
				<posx>16</posx>
				<posy>60</posy>
				<width>792</width>
				<height>400</height>
				<texture border="15,0,0,0" flipx="false">feature-not-avlbl.jpg</texture>
			</control>
			<control type="button" id="9000">
				<description>Close Window button</description>
				<posx>735</posx>
				<posy>15</posy>
				<width>64</width>
				<height>32</height>
				<label>-</label>
				<font>-</font>
				<onclick>PreviousMenu</onclick>
				<texturefocus>DialogCloseButton-focus.png</texturefocus>
				<texturenofocus>DialogCloseButton.png</texturenofocus>
				<visible>system.getbool(input.enablemouse)</visible>
				<onleft>9000</onleft>
				<onright>9000</onright>
				<onup>9000</onup>
				<ondown>9000</ondown>
			</control>
		</control>
	</controls>
</window>
